plataforma;link_anuncio;titulo;preco;vendedor;avaliacao_nota;avaliacao_numero;descricao
magalu;https://www.magazineluiza.com.br/cartucho-hp-667-black-original/p/dk6h1b9jc7/in/ctdt/;Cartucho hp 667 Black original;128.04;Magazine Luiza;5.0;11.0;Os cartuchos Standard foram projetados para proporcionar visibilidade em seus documentos tanto coloridos como em preto. Veja imagens e fotos com detalhes minuciosos e imprima textos nítidos Os cartuchos não causam danos á impressora. Oferecem um desempenho consistente e confiável. Rendem 2x mais Fabricados com até 70% de plástico reciclável Ótima relação custo/benefício. Especificações Cartucho 664XL Volume: 8ml Compatibilidade - Deskjet Ink Advantage 2136 - Deskjet Ink Advantage 2676 - Deskjet Ink Advantage 3776 - DeskJet Ink Advantage 5076 - DeskJet Ink Advantage 5276 Informações Legais: Marcas e Modelos são citados apenas para melhor compreensão dos clientes e como referência técnica para utilização correta dos produtos. Decorre de necessidade legal, além de ser previsto em lei que não pode haver impedimento para tal, conforme o Art. 31 do Código de Defesa do Consumidor (Lei no. 8.078/90) e Art. 132, inciso ii, da Lei da Propriedade Industrial (no. 9.279/96), que são leis federais e seguem transcritos tais dispositivos: Art. 31 do cdc (Lei no. 8.078/90): A oferta e apresentação de produtos e serviços devem assegurar informações corretas, claras, precisas, ostensivas e em língua portuguesa sobre suas características, qualidade, quantidade, composição, preço, garantia, prazos de validade e origem, entre outros dados, bem como sobre os riscos que apresentem à saúde e segurança dos consumidores. Art. 132, inciso ii da lpi (no. 9.279/96): O titular da marca não poderá: (... ) ii- impedir que fabricantes de acessórios utilizem os modelos para indicar a destinação do produto, desde que obedecidas ás práticas leais de concorrência. The brands cited in the ad belong to their respective manufacturers. Only mentioned as references for the correct use of the product, as Article 31 of the Act: 8078 of 11.09.1990. Rendimento médio informado conforme Norma iso/iec 19752. Imagens meramente ilustrativas.
magalu;https://www.magazineluiza.com.br/cartucho-de-tinta-hp-662-preto-original/p/136099600/in/ctdt/;Cartucho de Tinta HP 662 Preto - Original;52.38;Magazine Luiza;4.7;1261.0;Tenha a qualidade da HP que você conhece! Imprima documentos todos os dias com texto e gráficos claros e reduza os custos de impressão com os cartuchos de tinta HP originais. Este cartucho utiliza a tecnologia proprietária comprovada de tinta preta com pigmento para imprimir documentos em preto-e-branco por menos, tudo isso com destaque ecológico: até 70% de material reciclado em 662 corpos de cartucho, e é reciclável com Planet Partners. Cartucho de tinta, Imprima texto nítido e cores intensas com os cartuchos de tinta originais HP projetados para oferecer impressões de qualidade em casa, na escola e em pequenas empresas. Com cartuchos muito baratos, obtenha tinta HP original por um preço acessível.
magalu;https://www.magazineluiza.com.br/cartucho-de-tinta-hp-662-colorido-original/p/136085200/in/ctdt/;Cartucho de Tinta HP 662 Colorido Original;53.1;Magazine Luiza;4.7;664.0;Tenha a qualidade da HP que você conhece! Produza documentos, relatórios e fotos em cores vivas, mantendo baixos os custos de impressão, usando cartuchos de tinta HP originais. Ideal para as impressoras Multifuncional HP Deskjet Ink Advantage, este cartucho utiliza a tecnologia proprietária comprovada de tinta com corante para imprimir documentos em cores excepcionais por menos, tudo isso com destaque ecológico: até 70% de material reciclado em 662 corpos de cartucho, e é reciclável com Planet Partners. Cartucho de tinta, Imprima texto nítido e cores intensas com os cartuchos de tinta originais HP projetados para oferecer impressões de qualidade em casa, na escola e em pequenas empresas. Cartucho de tinta, Imprima texto nítido e cores intensas com os cartuchos de tinta originais HP projetados para oferecer impressões de qualidade em casa, na escola e em pequenas empresas. Com cartuchos muito baratos, obtenha tinta HP original por um preço acessível.
magalu;https://www.magazineluiza.com.br/kit-cartucho-de-tinta-hp-667-preto-original-cartucho-de-tinta-hp-667-colorido/p/229881000/in/ctdt/;Kit Cartucho de Tinta HP 667 Preto - Original + Cartucho de Tinta HP 667 Colorido;111.59;Magazine Luiza;4.8;86.0;Com o Cartucho de Tinta HP 667 Preto você poderá imprimir todos os seus documentos com alta qualidade e excelente custo-benefício. Com capacidade de 2ml, ele traz tinta original HP que garante tons mais brilhantes e rendimento para impressão de até 120 páginas. Além disso, este cartucho possui proteção contra fraude e alertas de pouca tinta. Cartucho de tinta, Imprima texto nítido e cores intensas com os cartuchos de tinta originais HP projetados para oferecer impressões de qualidade em casa, na escola e em pequenas empresas. Cartucho de tinta, Imprima texto nítido e cores intensas com os cartuchos de tinta originais HP projetados para oferecer impressões de qualidade em casa, na escola e em pequenas empresas. Com cartuchos muito baratos, obtenha tinta HP original por um preço acessível.
magalu;https://www.magazineluiza.com.br/kit-cartucho-de-tinta-hp-662-preto-original-cartucho-de-tinta-hp-662-colorido/p/229880800/in/ctdt/;Kit Cartucho de Tinta HP 662 Preto - Original + Cartucho de Tinta HP 662 Colorido;100.79;Magazine Luiza;4.4;16.0;Tenha a qualidade da HP que você conhece! Produza documentos, relatórios e fotos em cores vivas, mantendo baixos os custos de impressão, usando cartuchos de tinta HP originais. Ideal para as impressoras Multifuncional HP Deskjet Ink Advantage, este cartucho utiliza a tecnologia proprietária comprovada de tinta com corante para imprimir documentos em cores excepcionais por menos, tudo isso com destaque ecológico: até 70% de material reciclado em 662 corpos de cartucho, e é reciclável com Planet Partners. Cartucho de tinta, Imprima texto nítido e cores intensas com os cartuchos de tinta originais HP projetados para oferecer impressões de qualidade em casa, na escola e em pequenas empresas. Cartucho de tinta, Imprima texto nítido e cores intensas com os cartuchos de tinta originais HP projetados para oferecer impressões de qualidade em casa, na escola e em pequenas empresas. Com cartuchos muito baratos, obtenha tinta HP original por um preço acessível.
magalu;https://www.magazineluiza.com.br/kit-cartucho-de-tinta-hp-colorido-664-original-cartucho-de-tinta-hp-preto/p/229879500/in/ctdt/;Kit Cartucho de Tinta HP Colorido 664 - Original + Cartucho de Tinta HP Preto;118.33;Magazine Luiza;3.4;19.0;Imprima todas as suas fotos e documentos com cores mais nítidas, pretos mais intensos e durabilidade superlativa usando os cartuchos de tinta HP originais. Dê as suas idéias mais vida, otimizando recursos com a qualidade e confiabilidade que você só obtém com a HP. Cartucho de tinta, Imprima texto nítido e cores intensas com os cartuchos de tinta originais HP projetados para oferecer impressões de qualidade em casa, na escola e em pequenas empresas. Cartucho de tinta. Imprima texto nítido e cores intensas com os cartuchos de tinta originais HP projetados para oferecer impressões de qualidade em casa, na escola e em pequenas empresas. Com cartuchos muito baratos, obtenha tinta HP original por um preço acessível.
magalu;https://www.magazineluiza.com.br/cartucho-hp-664-xl-preto-original-2136-2676-3776-5076-5276/p/aee2c3e07d/in/ctdt/;Cartucho Hp 664 Xl Preto Original 2136 2676 3776 5076 5276;115.33;Magazine Luiza;4.5;12.0;Cartucho Original Hp 664 Black XL Alto rendimento.Compatibilidade: HP Deskjet Ink Advantage 2136, HP Deskjet Ink Advantage 2676, HP Deskjet Ink Advantage 3776, HP DeskJet Ink Advantage 5076, HP DeskJet Ink Advantage 5276Cor: PretoTipo de Desempenho: XLInformações Legais:Marcas e Modelos são citados apenas para melhor compreensão dos clientes e como referência técnica para utilização correta dos produtos. Decorre de necessidade legal, além de ser previsto em lei que não pode haver impedimento para tal, conforme o Art. 31 do Código de Defesa do Consumidor (Lei no. 8.078/90) e Art. 132, inciso II, da Lei da Propriedade Industrial (no. 9.279/96), que são leis federais e seguem transcritos tais dispositivos:Art. 31 do CDC (Lei no. 8.078/90): “A oferta e apresentação de produtos e serviços devem assegurar informações corretas, claras, precisas, ostensivas e em língua portuguesa sobre suas características, qualidade, quantidade, composição, preço, garantia, prazos de validade e origem, entre outros dados, bem como sobre os riscos que apresentem à saúde e segurança dos consumidores.”Art. 132, inciso II da LPI (no. 9.279/96): O titular da marca não poderá: (...) II- impedir que fabricantes de acessórios utilizem a marca para indicar a destinação do produto, desde que obedecidas ás práticas leais de concorrência”.The brands cited in the ad belong to their respective manufacturers. Only mentioned as references for the correct use of the product, as Article 31 of the Act: 8078 of 11.09.1990.Rendimento médio informado conforme Norma ISO/IEC 19752.Imagens meramente ilustrativas.
magalu;https://www.magazineluiza.com.br/cartucho-de-tinta-hp-667-colorido-original/p/227961100/in/ctdt/;Cartucho de Tinta HP 667 Colorido Original;56.61;Magazine Luiza;4.7;2633.0;Com o Cartucho de Tinta HP 667 Colorido você poderá imprimir todos os seus documentos com alta qualidade e excelente custo-benefício. Com capacidade de 2ml, ele traz tinta original HP que garante tons mais brilhantes e rendimento para impressão de até 100 páginas. Além disso, este cartucho possui proteção contra fraude e alertas de pouca tinta. Cartucho de tinta, Imprima texto nítido e cores intensas com os cartuchos de tinta originais HP projetados para oferecer impressões de qualidade em casa, na escola e em pequenas empresas. Cartucho de tinta, Imprima texto nítido e cores intensas com os cartuchos de tinta originais HP projetados para oferecer impressões de qualidade em casa, na escola e em pequenas empresas. Com cartuchos muito baratos, obtenha tinta HP original por um preço acessível. Além disso, o cartucho de tinta é feito com mais de 40% de plástico reciclado em média!
magalu;https://www.magazineluiza.com.br/cartucho-de-tinta-hp-colorido-664-original/p/215122100/in/ctdt/;Cartucho de Tinta HP Colorido 664 Original;54.87;Magazine Luiza;4.7;3027.0;Imprima todas as suas fotos e documentos com cores mais nítidas, pretos mais intensos e durabilidade superlativa usando os cartuchos de tinta HP originais. Dê as suas idéias mais vida, otimizando recursos com a qualidade e confiabilidade que você só obtém com a HP. Cartucho de tinta 664 Original colorido, imprima texto nítido e cores intensas com os cartuchos de tinta originais HP projetados para oferecer impressões de qualidade em casa, na escola e em pequenas empresas. Aproveite ao máximo sua impressora HP e também sua tinta.
magalu;https://www.magazineluiza.com.br/cartucho-compativel-c-hp-664xl-preto-jet-tech/p/abd588396g/in/ctdt/;Cartucho compativel c/hp 664xl preto - Jet Tech;55.1;Magazine Luiza;5.0;1.0;Compatibilidade: 664 664xl 664 xl Impressora Deskjet Ink Advantage 2136 Impressora Deskjet Ink Advantage 3636 Impressora Deskjet Ink Advantage 3836 Impressora Deskjet Ink Advantage 4536 Impressora Deskjet Ink Advantage 3635 Impressora Deskjet Ink Advantage 3776 Impressora Deskjet Ink Advantage 3788 Impressora Deskjet Ink Advantage 3790 Impressora Deskjet Ink Advantage 2676 Impressora Deskjet Ink Advantage 3786 Impressora Deskjet Ink Advantage 5076 Impressora Deskjet Ink Advantage 5276 Impressora Deskjet Ink Advantage 4676 - Cor: Preto - Tipo de Desempenho: (XL) alto rendimento - Conteúdo da Embalagem: 1 Cartucho de tinta compatível 664xl preto -> Cartucho de tinta embalado e lacrado. -> Pronto para utilização, instalação rápida e fácil. Apenas retire os lacres antes de usá-lo.
magalu;https://www.magazineluiza.com.br/cartucho-de-tinta-compativel-com-hp-662xl-662-preto-e-color-662-xl-15-ml-deskjet-2516-3515-1516-3516-2545-1515-jet-tech/p/chadjkecej/in/ctdt/;Cartucho De Tinta Compatível com/hp 662xl 662 preto e color 662 xl 15 ml / Deskjet 2516 3515 1516 3516 2545 1515 - Jet Tech;132.05;Magazine Luiza;3.0;4.0;Cartucho De Tinta Compatível 662xl 662 / Deskjet 2515 2516 3515 1516 3546 3516 2546 2545 1515 4646 / preto / 15ml Compatibilidade: 662 662xl 662 xl Impressora Deskjet Ink Advantage 1510 Impressora Deskjet Ink Advantage 1515 Impressora Deskjet Ink Advantage 1516 Impressora Deskjet Ink Advantage 1518 Impressora Deskjet Ink Advantage 2510 Impressora Deskjet Ink Advantage 2515 Impressora Deskjet Ink Advantage 2516 Impressora Deskjet Ink Advantage 2540 Impressora Deskjet Ink Advantage 2545 Impressora Deskjet Ink Advantage 2546 Impressora Deskjet Ink Advantage 2548 Impressora Deskjet Ink Advantage 2645 Impressora Deskjet Ink Advantage 2646 Impressora Deskjet Ink Advantage 3510 Impressora Deskjet Ink Advantage 3515 Impressora Deskjet Ink Advantage 3516 Impressora Deskjet Ink Advantage 3540 Impressora Deskjet Ink Advantage 3545 Impressora Deskjet Ink Advantage 3546 Impressora Deskjet Ink Advantage 4515 Impressora Deskjet Ink Advantage 4640 Impressora Deskjet Ink Advantage 4645 Impressora Deskjet Ink Advantage 4646 Impressora Deskjet Ink Advantage 4648 -modelos compativeis 662 662 xl - Cor: Preto - Tipo de Desempenho: (XL) alto rendimento - Conteúdo da Embalagem: 2 Cartucho de tinta compatível 662xl preto 662 xl colorido - Volume de tinta: 15ml
magalu;https://www.magazineluiza.com.br/cartucho-de-tinta-compativel-com-hp-664-xl-preto-black-jet-tech/p/bj4c82hk89/in/ctdt/;Cartucho de Tinta compativel com/hp 664 XL preto/black - Jet Tech;56.26;Magazine Luiza;5.0;1.0;Cartucho de Tinta compativel com/hp 664 XL preto/black Compatibilidade: 664 664xl 664 xl Impressora Deskjet Ink Advantage 2136 Impressora Deskjet Ink Advantage 3636 Impressora Deskjet Ink Advantage 3836 Impressora Deskjet Ink Advantage 4536 Impressora Deskjet Ink Advantage 3635 Impressora Deskjet Ink Advantage 3776 Impressora Deskjet Ink Advantage 3788 Impressora Deskjet Ink Advantage 3790 Impressora Deskjet Ink Advantage 2676 Impressora Deskjet Ink Advantage 3786 Impressora Deskjet Ink Advantage 5076 Impressora Deskjet Ink Advantage 5276 Impressora Deskjet Ink Advantage 4676 - Cor: Preto - Tipo de Desempenho: (XL) alto rendimento - Conteúdo da Embalagem: 1 Cartucho de tinta compatível 664xl preto -> Cartucho de tinta embalado e lacrado. -> Pronto para utilização, instalação rápida e fácil. Apenas retire os lacres antes de usá-lo.
magalu;https://www.magazineluiza.com.br/cartucho-compativel-com-hp-664-xl-preto-jet-tech/p/ak56h9018f/in/ctdt/;Cartucho Compatível com/hp 664 Xl Preto - Jet Tech;56.26;Magazine Luiza;5.0;1.0;Cartucho Compatível com/hp 664 Xl Preto Compatibilidade: 664 664xl 664 xl Impressora Deskjet Ink Advantage 2136 Impressora Deskjet Ink Advantage 3636 Impressora Deskjet Ink Advantage 3836 Impressora Deskjet Ink Advantage 4536 Impressora Deskjet Ink Advantage 3635 Impressora Deskjet Ink Advantage 3776 Impressora Deskjet Ink Advantage 3788 Impressora Deskjet Ink Advantage 3790 Impressora Deskjet Ink Advantage 2676 Impressora Deskjet Ink Advantage 3786 Impressora Deskjet Ink Advantage 5076 Impressora Deskjet Ink Advantage 5276 Impressora Deskjet Ink Advantage 4676 - Cor: Preto - Tipo de Desempenho: (XL) alto rendimento - Conteúdo da Embalagem: 1 Cartucho de tinta compatível 664xl preto -> Cartucho de tinta embalado e lacrado. -> Pronto para utilização, instalação rápida e fácil. Apenas retire os lacres antes de usá-lo.
magalu;https://www.magazineluiza.com.br/2-cartuchos-compativel-com-hp-662-xl-compativel-preto-15-ml-jet-tech/p/ffkceh2c0h/in/ctdt/;2 Cartuchos compativel com/hp 662 Xl Compatível Preto 15 ml - Jet Tech;114.0;Magazine Luiza;5.0;1.0;2 Cartuchos compativel com/hp 662 Xl Compatível Preto 15 ml Compatibilidade: 662 662xl 662 xl Impressora Deskjet Ink Advantage 1510 Impressora Deskjet Ink Advantage 1515 Impressora Deskjet Ink Advantage 1516 Impressora Deskjet Ink Advantage 1518 Impressora Deskjet Ink Advantage 2510 Impressora Deskjet Ink Advantage 2515 Impressora Deskjet Ink Advantage 2516 Impressora Deskjet Ink Advantage 2540 Impressora Deskjet Ink Advantage 2545 Impressora Deskjet Ink Advantage 2546 Impressora Deskjet Ink Advantage 2548 Impressora Deskjet Ink Advantage 2645 Impressora Deskjet Ink Advantage 2646 Impressora Deskjet Ink Advantage 3510 Impressora Deskjet Ink Advantage 3515 Impressora Deskjet Ink Advantage 3516 Impressora Deskjet Ink Advantage 3540 Impressora Deskjet Ink Advantage 3545 Impressora Deskjet Ink Advantage 3546 Impressora Deskjet Ink Advantage 4515 Impressora Deskjet Ink Advantage 4640 Impressora Deskjet Ink Advantage 4645 Impressora Deskjet Ink Advantage 4646 Impressora Deskjet Ink Advantage 4648 -modelos compativeis 662 662 xl - Cor: Preto - Tipo de Desempenho: (XL) alto rendimento - Conteúdo da Embalagem: 2 Cartucho de tinta compatível 662xl preto - Volume de tinta: 15ml
magalu;https://www.magazineluiza.com.br/cartucho-de-tinta-compativel-com-hp-664-xl-664-preto-15-ml-colorido-15ml-jet-tech/p/gh4b1afc1k/in/ctdt/;Cartucho De Tinta Compatível com/hp 664 xl 664 Preto 15 ml + Colorido 15ml - Jet Tech;141.55;Magazine Luiza;5.0;1.0;Cartucho De Tinta Compatível com/hp 664 xl 664 Preto 15 ml + Colorido 15ml Compatibilidade: 664 664xl 664 xl Impressora Deskjet Ink Advantage 2136 Impressora Deskjet Ink Advantage 3636 Impressora Deskjet Ink Advantage 3836 Impressora Deskjet Ink Advantage 4536 Impressora Deskjet Ink Advantage 3635 Impressora Deskjet Ink Advantage 3776 Impressora Deskjet Ink Advantage 3788 Impressora Deskjet Ink Advantage 3790 Impressora Deskjet Ink Advantage 2676 Impressora Deskjet Ink Advantage 3786 Impressora Deskjet Ink Advantage 5076 Impressora Deskjet Ink Advantage 5276 Impressora Deskjet Ink Advantage 4676 - Cor: Preto/color - Tipo de Desempenho: (XL) alto rendimento - Conteúdo da Embalagem: 2 Cartucho de tinta compatível 664xl preto 664 xl color -> Cartucho de tinta embalado e lacrado. -> Pronto para utilização, instalação rápida e fácil. Apenas retire os lacres antes de usá-lo.
magalu;https://www.magazineluiza.com.br/combo-cartucho-compativel-c-hp-664-664xl-664-xl-2135-2136-4536-3776-preto-e-colorido-color-black-jet-tech/p/jk765gk6e3/in/ctdt/;combo Cartucho compativel c/hp 664 664xl 664 xl 2135 2136 4536 3776 Preto E Colorido color + black - Jet Tech;149.0;Magazine Luiza;5.0;1.0;kit cartucho 664 xl preto 15ml color 15ml Para uso em impressora multifuncional Deskjet Ink Advantage: Deskjet Ink Advantage 2136 Deskjet Ink Advantage 2676 Deskjet Ink Advantage 3636 Deskjet Ink Advantage 3635 Deskjet Ink Advantage 3776 Deskjet Ink Advantage 4676
magalu;https://www.magazineluiza.com.br/cartucho-compativel-c-hp-662-xl-preto-662-662xl-2515-2516-3515-35106-black-jet-tech/p/gh0b011bbj/in/ctdt/;Cartucho compativel c-hp 662 xl preto 662 662xl 2515 2516 3515 35106 black - Jet Tech;60.8;Magazine Luiza;5.0;1.0;Cartucho 662 xl preto 662 662xl 2515 2516 3515 35106 black compativel
magalu;https://www.magazineluiza.com.br/cartucho-de-tinta-compativel-com-hp-662-preto-e-colorido-662xl-662-xl-2515-2516-3515-preto-e-colorido-color-black-jet-tech/p/gf401f0d6b/in/ctdt/;Cartucho de tinta compativel com/hp 662 preto e colorido 662xl 662 xl 2515 2516 3515 Preto E Colorido color + black - Jet Tech;132.05;Magazine Luiza;4.1;9.0;Cartucho de tinta 662 preto e colorido 662xl 662 xl 2515 2516 3515 35106 Preto E Colorido color + black compativel
magalu;https://www.magazineluiza.com.br/cartucho-de-tinta-hp-colorido-664-xl-original/p/215122700/in/ctdt/;Cartucho de Tinta HP Colorido 664 XL Original;129.06;Magazine Luiza;4.6;313.0;Imprima fotografias coloridas com qualidade de laboratório e documentos diários com cartuchos de tinta HP de baixo custo e econômicos, projetados com proteção contra fraude e alertas inteligentes de pouca tinta, ambas funções garantem um desempenho sem preocupações e resultados confiáveis. Cartucho de tinta, Imprima texto nítido e cores intensas com os cartuchos de tinta originais HP projetados para oferecer impressões de qualidade em casa, na escola e em pequenas empresas. Com cartuchos muito baratos, obtenha tinta HP original por um preço acessível.
magalu;https://www.magazineluiza.com.br/cartucho-de-tinta-hp-664-preto-e-colorido-advantage-original/p/hbbgj3j56a/in/ctdt/;Cartucho de Tinta Hp 664 Preto e Colorido Advantage Original;142.5;Magazine Luiza;4.7;121.0;Características: Aproveite ao máximo sua impressora HP e também sua tinta. Imprima todas as fotos e documentos de alta qualidade que precisar usando os cartuchos de tinta originais HP, que ajudam a garantir que sua impressora HP ofereça os resultados consistentes que você espera. Conclua facilmente seus projetos. Alertas precisos podem ajudar a garantir que você não fique sem tinta na hora errada. Crie documentos atraentes com os cartuchos de tinta HP, projetados para oferecer cores intensas e texto nítido e preciso. Especificações: Rendimento Preto 120 páginas Rendimento Colorido 100 páginas Tecnologia de impressão: Jato de Tinta Capacidade/Rendimento: 2 ml Impressoras Compatíveis: HP Deskjet Ink Advantage 1115 HP Deskjet Ink Advantage 2130 HP Deskjet Ink Advantage 2135 HP Deskjet Ink Advantage 2136 HP Deskjet Ink Advantage 2540 HP Deskjet Ink Advantage 2600 HP Deskjet Ink Advantage 2675 HP Deskjet Ink Advantage 2676 HP Deskjet Ink Advantage 3635 HP Deskjet Ink Advantage 3636 HP Deskjet Ink Advantage 3700 HP Deskjet Ink Advantage 3836 HP Deskjet Ink Advantage 3775 HP Deskjet Ink Advantage 3776 HP Deskjet Ink Advantage 3786 HP Deskjet Ink Advantage 3788 HP Deskjet Ink Advantage 3790 HP Deskjet Ink Advantage 4535 HP Deskjet Ink Advantage 4536 HP Deskjet Ink Advantage 4675 HP Deskjet Ink Advantage 4676 HP Deskjet Ink Advantage 5076 HP Deskjet Ink Advantage 5276 Itens Inclusos: 01 Cartucho Hp 664 Preto 01 Cartucho Hp 664 Colorido
magalu;https://www.magazineluiza.com.br/cartucho-hp-664xl-preto-original-2676-3776-4676/p/jbc906054j/in/ctdt/;Cartucho Hp 664xl Preto Original 2676 3776 4676;112.77;Magazine Luiza;4.1;29.0;PARA UTILIZAÇÃO NAS SEGUINTES IMPRESSORAS HP Deskjet Ink Advantage 1115 HP Deskjet Ink Advantage 2130 HP Deskjet Ink Advantage 2135 HP Deskjet Ink Advantage 2136 HP Deskjet Ink Advantage 2600 SIM Multifuncional HP Deskjet Ink Advantage 2675 HP Deskjet Ink Advantage 2676 HP Deskjet Ink Advantage 3635 HP Deskjet Ink Advantage 3636 HP Deskjet Ink Advantage 3700 HP Deskjet Ink Advantage 3836 HP Deskjet Ink Advantage 3775 HP Deskjet Ink Advantage 3776 HP Deskjet Ink Advantage 3786 HP Deskjet Ink Advantage 3788 HP Deskjet Ink Advantage 3790 HP Deskjet Ink Advantage 4535 HP Deskjet Ink Advantage 4536 HP Deskjet Ink Advantage 4675 HP Deskjet Ink Advantage 4676 HP Deskjet Ink Advantage 5076 HP Deskjet Ink Advantage 5276
magalu;https://www.magazineluiza.com.br/cartucho-hp-664-xl-black-original/p/djcc71hf05/in/ctdt/;Cartucho hp 664 xl Black original;122.19;Magazine Luiza;4.2;15.0;Os cartuchos Standard foram projetados para proporcionar visibilidade em seus documentos tanto coloridos como em preto. Veja imagens e fotos com detalhes minuciosos e imprima textos nítidos Os cartuchos não causam danos á impressora. Oferecem um desempenho consistente e confiável. Rendem 2x mais Fabricados com até 70% de plástico reciclável Ótima relação custo/benefício. Especificações Cartucho 664XL Volume: 8ml Compatibilidade - Deskjet Ink Advantage 2136 - Deskjet Ink Advantage 2676 - Deskjet Ink Advantage 3776 - DeskJet Ink Advantage 5076 - DeskJet Ink Advantage 5276 Informações Legais: Marcas e Modelos são citados apenas para melhor compreensão dos clientes e como referência técnica para utilização correta dos produtos. Decorre de necessidade legal, além de ser previsto em lei que não pode haver impedimento para tal, conforme o Art. 31 do Código de Defesa do Consumidor (Lei no. 8.078/90) e Art. 132, inciso ii, da Lei da Propriedade Industrial (no. 9.279/96), que são leis federais e seguem transcritos tais dispositivos: Art. 31 do cdc (Lei no. 8.078/90): A oferta e apresentação de produtos e serviços devem assegurar informações corretas, claras, precisas, ostensivas e em língua portuguesa sobre suas características, qualidade, quantidade, composição, preço, garantia, prazos de validade e origem, entre outros dados, bem como sobre os riscos que apresentem à saúde e segurança dos consumidores. Art. 132, inciso ii da lpi (no. 9.279/96): O titular da marca não poderá: (... ) ii- impedir que fabricantes de acessórios utilizem os modelos para indicar a destinação do produto, desde que obedecidas ás práticas leais de concorrência. The brands cited in the ad belong to their respective manufacturers. Only mentioned as references for the correct use of the product, as Article 31 of the Act: 8078 of 11.09.1990. Rendimento médio informado conforme Norma iso/iec 19752. Imagens meramente ilustrativas.
magalu;https://www.magazineluiza.com.br/cartucho-de-tinta-hp-preto-664-xl-original/p/215122800/in/ctdt/;Cartucho de Tinta HP Preto 664 XL Original;128.43;Magazine Luiza;4.6;763.0;Imprima seus documentos todos os dias com alta qualidade garantida a um preço acessível com cartuchos de tinta HP originais de baixo custo, projetados com proteção contra fraude e alertas de pouca tinta o que lhe oferece um desempenho sem preocupações e resultados consistentes. Cartucho de tinta, Imprima texto nítido e cores intensas com os cartuchos de tinta originais HP projetados para oferecer impressões de qualidade em casa, na escola e em pequenas empresas. Com cartuchos muito baratos, obtenha tinta HP original por um preço acessível.
magalu;https://www.magazineluiza.com.br/kit-cartucho-de-tinta-hp-colorido-664-original-cartucho-de-tinta-hp-preto/p/229879500/in/ctdt/;Kit Cartucho de Tinta HP Colorido 664 - Original + Cartucho de Tinta HP Preto;118.33;Magazine Luiza;3.4;19.0;Imprima todas as suas fotos e documentos com cores mais nítidas, pretos mais intensos e durabilidade superlativa usando os cartuchos de tinta HP originais. Dê as suas idéias mais vida, otimizando recursos com a qualidade e confiabilidade que você só obtém com a HP. Cartucho de tinta, Imprima texto nítido e cores intensas com os cartuchos de tinta originais HP projetados para oferecer impressões de qualidade em casa, na escola e em pequenas empresas. Cartucho de tinta. Imprima texto nítido e cores intensas com os cartuchos de tinta originais HP projetados para oferecer impressões de qualidade em casa, na escola e em pequenas empresas. Com cartuchos muito baratos, obtenha tinta HP original por um preço acessível.